label,id,base_id,sources,names,categories,confidence,websites,socials,emails,phones,brand,addresses,base_sources,base_names,base_categories,base_confidence,base_websites,base_socials,base_emails,base_phones,base_brand,base_addresses
1.0,08f391ab10c7114d033517ea0e3905a9,562949956772225,"[{""property"":"""",""dataset"":""meta"",""record_id"":""112012623717552"",""update_time"":""2025-01-06T00:00:00.000Z""},{""property"":""/properties/existence"",""dataset"":""msft"",""record_id"":""562949956772225"",""update_time"":""2025-01-06T00:00:00.000Z""},{""property"":""/properties/existence"",""dataset"":""msft"",""record_id"":""1407374887928990"",""update_time"":""2025-01-06T00:00:00.000Z""}]","{""primary"":""BP""}","{""primary"":""gas_station"",""alternate"":[""energy_company"",""bar""]}",0.9962614185921548,"[""https://map.bp.com/es-ES/ES/estacion-de-servicio/los-barrios/e-s-bp-la-montera/1023746243""]","[""https://www.facebook.com/112012623717552""]",,"[""+34956621050""]","{""names"":{""primary"":""bp""}}","[{""freeform"":""Avenida Carlos Cano"",""locality"":""Los Barrios"",""postcode"":""11370"",""country"":""ES""}]","[{""dataset"":""Microsoft"",""record_id"":""562949956772225"",""update_time"":""2020-02-06T19:40:35.69"",""confidence"":0.77}]","{""primary"":""BP""}","{""primary"":""car_wash"",""alternate"":[""ev_charging_station"",""gas_station"",""automotive""]}",0.77,"[""https://www.bp.com/es_es/on-the-road/spain.html""]",,,"[""956621050""]","{""names"":{}}","[{""freeform"":""Av. Carlos Cano, Glorieta La Montera"",""locality"":""Los Barrios"",""region"":""Cádiz"",""country"":""ES"",""postcode"":""11370""}]"
0.0,08f26ed44c0f20f103c3e3cc6e5bed37,1407374886409435,"[{""property"":"""",""dataset"":""meta"",""record_id"":""680873018646122"",""update_time"":""2025-01-06T00:00:00.000Z""},{""property"":""/properties/existence"",""dataset"":""meta"",""record_id"":""398906876838532"",""update_time"":""2025-01-06T00:00:00.000Z""},{""property"":""/properties/existence"",""dataset"":""meta"",""record_id"":""278191402789085"",""update_time"":""2025-01-06T00:00:00.000Z""},{""property"":""/properties/existence"",""dataset"":""meta"",""record_id"":""193855287294613"",""update_time"":""2025-01-06T00:00:00.000Z""},{""property"":""/properties/existence"",""dataset"":""msft"",""record_id"":""281474978364459"",""update_time"":""2025-01-06T00:00:00.000Z""},{""property"":""/properties/existence"",""dataset"":""msft"",""record_id"":""1407374890671135"",""update_time"":""2025-01-06T00:00:00.000Z""},{""property"":""/properties/existence"",""dataset"":""msft"",""record_id"":""1407374888156900"",""update_time"":""2025-01-06T00:00:00.000Z""},{""property"":""/properties/existence"",""dataset"":""msft"",""record_id"":""1407374886997153"",""update_time"":""2025-01-06T00:00:00.000Z""},{""property"":""/properties/existence"",""dataset"":""msft"",""record_id"":""1407374886955612"",""update_time"":""2025-01-06T00:00:00.000Z""},{""property"":""/properties/existence"",""dataset"":""msft"",""record_id"":""1407374886409435"",""update_time"":""2025-01-06T00:00:00.000Z""},{""property"":""/properties/existence"",""dataset"":""msft"",""record_id"":""1407374886347731"",""update_time"":""2025-01-06T00:00:00.000Z""},{""property"":""/properties/existence"",""dataset"":""msft"",""record_id"":""1407374886115036"",""update_time"":""2025-01-06T00:00:00.000Z""}]","{""primary"":""Northwest Medical Center""}","{""primary"":""hospital"",""alternate"":[""health_and_medical"",""medical_service_organizations""]}",0.997898979043525,"[""http://www.northwesthealth.com/""]","[""https://www.facebook.com/680873018646122""]",,"[""+14797515711""]","{""names"":{""primary"":""Health Systems""}}","[{""freeform"":""609 W Maple Ave"",""locality"":""Springdale"",""postcode"":""72764-5335"",""region"":""AR"",""country"":""US""}]","[{""dataset"":""Microsoft"",""record_id"":""1407374886409435"",""update_time"":""2023-10-16T12:58:08.957"",""confidence"":0.77}]","{""primary"":""Northwest Medical Center - Emergency Room""}","{""primary"":""emergency_room"",""alternate"":[""health_and_medical""]}",0.77,"[""https://www.northwesthealth.com/emergency-department?utm_source=Bing&utm_campaign=biz-listings&utm_medium=homepage""]",,,"[""4797571000""]","{""names"":{}}","[{""freeform"":""609 W Maple Ave"",""locality"":""Springdale"",""region"":""AR"",""country"":""US"",""postcode"":""72764""}]"
0.0,08f2a100d649b2940358781f0b0c6078,08f2a10725b1451a03d80f18dbf3f667,"[{""property"":"""",""dataset"":""meta"",""record_id"":""259327777460966"",""update_time"":""2025-01-06T00:00:00.000Z""}]","{""primary"":""Manhattan Hardware & Housewares""}","{""primary"":""hardware_store"",""alternate"":[""home_improvement_store"",""shopping""]}",0.9645127118644068,"[""https://twitter.com/#!/9thAveHardware""]","[""https://www.facebook.com/259327777460966""]",,"[""+12127574555""]",,"[{""freeform"":""688 9th Ave"",""locality"":""New York"",""postcode"":""10036-3657"",""region"":""NY"",""country"":""US""}]","[{""property"":"""",""dataset"":""meta"",""record_id"":""116155878405321"",""update_time"":""2025-01-06T00:00:00.000Z""}]","{""primary"":""Manhattan Jazz""}","{""primary"":""dance_club"",""alternate"":[""jazz_and_blues"",""arts_and_entertainment""]}",0.28671328671328666,,"[""https://www.facebook.com/116155878405321""]",,"[""+12125814269""]",,"[{""freeform"":""445 W 45th St"",""locality"":""New York"",""postcode"":""10036-3502"",""region"":""NY"",""country"":""US""}]"
0.0,08f266886ad2b15c0330a29679895fc5,08f266886ad2b15c034a5726e85dc631,"[{""property"":"""",""dataset"":""msft"",""record_id"":""1688849865729793"",""update_time"":""2025-01-06T00:00:00.000Z""}]","{""primary"":""UofL Physicians – Plastic & Reconstructive Surgery""}","{""primary"":""plastic_surgeon"",""alternate"":[""doctor"",""health_and_medical""]}",0.77,"[""https://uoflhealth.org/locations/ulp-plastic-surgery/""]",,,"[""5025838303""]",,"[{""freeform"":""401 E Chestnut St Unit 790"",""locality"":""Louisville"",""postcode"":""40202"",""region"":""KY"",""country"":""US""}]","[{""property"":"""",""dataset"":""msft"",""record_id"":""1688849865729796"",""update_time"":""2025-01-06T00:00:00.000Z""}]","{""primary"":""UofL Physicians – Neurology""}","{""primary"":""health_and_medical""}",0.77,"[""https://uoflhealth.org/locations/neurology-401-e-chestnut-st/""]",,,"[""5025884800""]",,"[{""freeform"":""401 E Chestnut St Unit 510"",""locality"":""Louisville"",""postcode"":""40202"",""region"":""KY"",""country"":""US""}]"
1.0,08f8010646c29a5503b6cc2ed88f8859,08f8010646c66a2903260dd893bdb585,"[{""property"":"""",""dataset"":""meta"",""record_id"":""170546886327152"",""update_time"":""2025-01-06T00:00:00.000Z""},{""property"":""/properties/existence"",""dataset"":""meta"",""record_id"":""277643788963288"",""update_time"":""2025-01-06T00:00:00.000Z""}]","{""primary"":""Pousada da Taiba""}","{""primary"":""hotel"",""alternate"":[""active_life"",""tours""]}",0.7927927927927928,"[""http://pousadadataiba.com.br/""]","[""https://www.facebook.com/170546886327152""]",,,,"[{""freeform"":""Avenida Capitão Inácio Prata, Sn"",""locality"":""São Gonçalo do Amarante"",""postcode"":""62670-000"",""region"":""CE"",""country"":""BR""}]","[{""property"":"""",""dataset"":""meta"",""record_id"":""1913210835595304"",""update_time"":""2025-01-06T00:00:00.000Z""}]","{""primary"":""Pousada Taiba Inn""}","{""primary"":""hotel""}",0.3941504178272981,"[""http://www.pousadataibainn.com.br""]","[""https://www.facebook.com/1913210835595304""]",,"[""+18533156140""]",,"[{""freeform"":""Rua Capitão Inácio Prata, S/N"",""postcode"":""62670-000"",""country"":""BR""}]"
1.0,08f26962083a02f40376a90056fc0453,844424932249294,"[{""property"":"""",""dataset"":""meta"",""record_id"":""160492830773391"",""update_time"":""2025-01-06T00:00:00.000Z""},{""property"":""/properties/existence"",""dataset"":""msft"",""record_id"":""844424932249294"",""update_time"":""2025-01-06T00:00:00.000Z""},{""property"":""/properties/existence"",""dataset"":""msft"",""record_id"":""562949959132307"",""update_time"":""2025-01-06T00:00:00.000Z""}]","{""primary"":""Steve & Lori Robinson Realtors""}","{""primary"":""real_estate_agent"",""alternate"":[""real_estate"",""professional_services""]}",0.9872500778573653,"[""https://www.amazon.com/dp/B0DF25FXDK""]","[""https://www.facebook.com/160492830773391""]",,"[""+18014205260""]",,"[{""freeform"":""825 E 1180 S"",""locality"":""American Fork"",""postcode"":""84003-3918"",""region"":""UT"",""country"":""US""}]","[{""dataset"":""Microsoft"",""record_id"":""844424932249294"",""update_time"":""2024-02-24T01:14:30.77"",""confidence"":0.77}]","{""primary"":""Steve & Lori Robinson Realtors - BHHS Elite Real Estate""}","{""primary"":""real_estate_agent""}",0.77,"[""https://stevelorirobinsonrealtors.com/""]",,,"[""8014205260""]","{""names"":{}}","[{""freeform"":""825 E 1180 S Ste 300"",""locality"":""American Fork"",""region"":""UT"",""country"":""US"",""postcode"":""84003""}]"
0.0,08f3f62a5b8acac4037247b244fa4071,08f3f62a5b8f66020389b87cca80d1e8,"[{""property"":"""",""dataset"":""meta"",""record_id"":""273359629981741"",""update_time"":""2025-01-06T00:00:00.000Z""}]","{""primary"":""Milas Barlar Sokağı""}","{""primary"":""adult_entertainment""}",0.3941504178272981,,"[""https://www.facebook.com/273359629981741""]",,,,"[{""country"":""TR""}]","[{""property"":"""",""dataset"":""meta"",""record_id"":""107568087949330"",""update_time"":""2025-01-06T00:00:00.000Z""}]","{""primary"":""Milas Pazarı""}","{""primary"":""farmers_market"",""alternate"":[""shopping""]}",0.48103896103896104,"[""http://www.milaspazari.com.tr/""]","[""https://www.facebook.com/107568087949330""]",,"[""+905335465340""]",,"[{""country"":""TR""}]"
0.0,08f3929a484866e403d76040249caa29,08f3929a4a8705920318c68f311567bb,"[{""property"":"""",""dataset"":""meta"",""record_id"":""392188117492783"",""update_time"":""2025-01-06T00:00:00.000Z""}]","{""primary"":""Cafetería Romo""}","{""primary"":""cafe"",""alternate"":[""coffee_shop"",""bar""]}",0.9544061302681992,,"[""https://www.facebook.com/392188117492783""]",,"[""+34941261490""]",,"[{""freeform"":""Calle Milicias, 4"",""locality"":""Logroño"",""postcode"":""26003"",""country"":""ES""}]","[{""property"":"""",""dataset"":""meta"",""record_id"":""105059638640753"",""update_time"":""2025-01-06T00:00:00.000Z""}]","{""primary"":""Cafetería Villarreal""}","{""primary"":""coffee_shop"",""alternate"":[""cafe"",""wine_bar""]}",0.9544061302681992,,"[""https://www.facebook.com/105059638640753""]",,"[""+34941244211""]",,"[{""freeform"":""Parque del Carmen, 6"",""locality"":""Logroño"",""postcode"":""26003"",""country"":""ES""}]"
1.0,08f609005e55b42403410ed5987584e0,1688849865871926,"[{""property"":"""",""dataset"":""meta"",""record_id"":""116247058192080"",""update_time"":""2025-01-06T00:00:00.000Z""},{""property"":""/properties/existence"",""dataset"":""msft"",""record_id"":""1688849865871926"",""update_time"":""2025-01-06T00:00:00.000Z""}]","{""primary"":""Alliance Hospital Amravati""}","{""primary"":""hospital"",""alternate"":[""health_and_medical""]}",0.9918379237288135,"[""http://alliancehospitalamravati.in/""]","[""https://www.facebook.com/116247058192080""]",,"[""+917212993929""]",,"[{""freeform"":""Alliance hospital, Vijay Colony Rd, near porwal paint house"",""postcode"":""444606"",""country"":""IN""}]","[{""dataset"":""Microsoft"",""record_id"":""1688849865871926"",""update_time"":""2024-12-23T06:55:53.513"",""confidence"":0.77}]","{""primary"":""Alliance Hospital Amravati""}","{""primary"":""hospital"",""alternate"":[""health_and_medical""]}",0.77,"[""https://alliancehospitalamravati.com/""]",,,"[""09209193400""]","{""names"":{}}","[{""freeform"":""Alliance Hospital, Vijay Colony Road Near Porwal Paint House, Rukhmini Nagar"",""locality"":""Amravati"",""region"":""Maharashtra"",""country"":""IN"",""postcode"":""444606""}]"
0.0,08f29a0b55d9951003102503cc49f747,562949960154823,"[{""property"":"""",""dataset"":""meta"",""record_id"":""121528527932911"",""update_time"":""2025-01-06T00:00:00.000Z""},{""property"":""/properties/existence"",""dataset"":""msft"",""record_id"":""562949959744606"",""update_time"":""2025-01-06T00:00:00.000Z""},{""property"":""/properties/existence"",""dataset"":""msft"",""record_id"":""1688849865800760"",""update_time"":""2025-01-06T00:00:00.000Z""}]","{""primary"":""St. Joseph Hospital - Orange Kidney Transplant Center""}","{""primary"":""doctor"",""alternate"":[""hospital"",""health_and_medical""]}",0.9962614185921548,"[""https://www.providence.org/locations/socal/st-joseph-hospital-orange/kidney-transplant-center?Is=location&y_source=1_MTQwNjAxMjAtNDQwLWxvY2F0aW9uLndlYnNpdGU=""]","[""https://www.facebook.com/121528527932911""]",,"[""+17147718033""]",,"[{""freeform"":""1100 W Stewart Dr"",""locality"":""Orange"",""postcode"":""92868-3849"",""region"":""CA"",""country"":""US""}]","[{""dataset"":""Microsoft"",""record_id"":""562949960154823"",""update_time"":""2024-12-27T15:23:58.85"",""confidence"":0.77}]","{""primary"":""St. Joseph Hospital - Orange Cancer Research Center""}","{""primary"":""cancer_treatment_center"",""alternate"":[""health_and_medical""]}",0.77,"[""https://www.providence.org/locations/st-joseph-hospital-orange/cancer-research-program?ls=location&y_source=1_MTUzMjM1ODgtNDgzLWxvY2F0aW9uLndlYnNpdGU%3D""]",,,"[""7147346220""]","{""names"":{}}","[{""freeform"":""1000 W La Veta Dr, 1st Floor"",""locality"":""Orange"",""region"":""CA"",""country"":""US"",""postcode"":""92868""}]"
1.0,562949955099525,562949956976257,"[{""dataset"":""Microsoft"",""record_id"":""562949955099525"",""update_time"":""2015-05-15T08:32:53.803"",""confidence"":0.77}]","{""primary"":""Redbox""}","{""primary"":""clothing_rental"",""alternate"":[""video_and_video_game_rentals"",""clothing_store"",""books_mags_music_and_video"",""rental_services"",""rental_kiosks"",""real_estate_service"",""kiosk"",""food"",""retail""]}",0.77,"[""""]",,,"[""8667332693""]","{""names"":{}}","[{""freeform"":""275 Rainier Ave S"",""locality"":""Renton"",""region"":""WA"",""country"":""US"",""postcode"":""98057""}]","[{""dataset"":""Microsoft"",""record_id"":""562949956976257"",""update_time"":""2021-12-03T10:34:56.41"",""confidence"":0.77}]","{""primary"":""Redbox""}","{""primary"":""clothing_rental"",""alternate"":[""video_and_video_game_rentals"",""clothing_store"",""books_mags_music_and_video"",""rental_services"",""rental_kiosks"",""real_estate_service"",""kiosk"",""food"",""retail""]}",0.77,"[""https://www.redbox.com/locations/washington/renton/98057/22767""]",,,"[""8667332693""]","{""names"":{}}","[{""freeform"":""275 Rainier Ave S"",""locality"":""Renton"",""region"":""WA"",""country"":""US"",""postcode"":""98057""}]"
1.0,08f2ad6802b8366303f0687deffe6ebc,1125899910033351,"[{""property"":"""",""dataset"":""meta"",""record_id"":""100516172113354"",""update_time"":""2025-01-06T00:00:00.000Z""},{""property"":""/properties/existence"",""dataset"":""msft"",""record_id"":""1688849866413772"",""update_time"":""2025-01-06T00:00:00.000Z""},{""property"":""/properties/existence"",""dataset"":""msft"",""record_id"":""1125899911574794"",""update_time"":""2025-01-06T00:00:00.000Z""},{""property"":""/properties/existence"",""dataset"":""msft"",""record_id"":""1125899910033448"",""update_time"":""2025-01-06T00:00:00.000Z""},{""property"":""/properties/existence"",""dataset"":""msft"",""record_id"":""1125899910033351"",""update_time"":""2025-01-06T00:00:00.000Z""}]","{""primary"":""Love & Co""}","{""primary"":""automotive_repair"",""alternate"":[""auto_body_shop"",""auto_glass_service""]}",0.9962614185921548,"[""http://www.loveandcompanycollision.com/""]","[""https://www.facebook.com/100516172113354""]",,"[""+19195535739""]",,"[{""freeform"":""4084 NC 42 Hwy W"",""locality"":""Garner"",""postcode"":""27529-8424"",""region"":""NC"",""country"":""US""}]","[{""dataset"":""Microsoft"",""record_id"":""1125899910033351"",""update_time"":""2024-12-27T03:54:21.93"",""confidence"":0.77}]","{""primary"":""Love & Company Paint & Collision""}","{""primary"":""auto_glass_service"",""alternate"":[""auto_body_shop"",""automotive""]}",0.77,"[""http://www.loveandcompany4042.com/""]",,,"[""9195535739""]","{""names"":{}}","[{""freeform"":""4084 N Carolina 42"",""locality"":""Garner"",""region"":""NC"",""country"":""US"",""postcode"":""27529""}]"
1.0,08f12c10162750910337ff208319bcb4,844424933602856,"[{""property"":"""",""dataset"":""meta"",""record_id"":""1896763777235028"",""update_time"":""2025-01-06T00:00:00.000Z""},{""property"":""/properties/existence"",""dataset"":""msft"",""record_id"":""844424933602856"",""update_time"":""2025-01-06T00:00:00.000Z""},{""property"":""/properties/existence"",""dataset"":""msft"",""record_id"":""1688849863503442"",""update_time"":""2025-01-06T00:00:00.000Z""}]","{""primary"":""Little Sister Getaways""}","{""primary"":""holiday_rental_home"",""alternate"":[""accommodation"",""hotel""]}",0.9802857142857143,"[""http://www.littlesistergetaways.com/""]","[""https://www.facebook.com/1896763777235028""]",,"[""+14036883400""]",,"[{""freeform"":""133 Bow Valley Trl"",""locality"":""Canmore"",""postcode"":""T1W"",""region"":""AB"",""country"":""CA""}]","[{""dataset"":""Microsoft"",""record_id"":""844424933602856"",""update_time"":""2024-12-04T17:53:58.043"",""confidence"":0.77}]","{""primary"":""LITTLE SISTER GETAWAYS - formerly Fenwick Vacation Rentals""}","{""primary"":""vacation_rental_agents"",""alternate"":[""holiday_rental_home"",""travel""]}",0.77,"[""http://www.littlesistergetaways.com/""]",,,"[""4036883400""]","{""names"":{}}","[{""freeform"":""133B - 306 Bow Valley Trail"",""locality"":""Canmore"",""region"":""AB"",""country"":""CA"",""postcode"":""T1W0N2""}]"
0.0,08f266daddb534d203e8a9d36d5116d9,1125899908997881,"[{""property"":"""",""dataset"":""meta"",""record_id"":""102081412255625"",""update_time"":""2025-01-06T00:00:00.000Z""},{""property"":""/properties/existence"",""dataset"":""msft"",""record_id"":""1970324842137918"",""update_time"":""2025-01-06T00:00:00.000Z""},{""property"":""/properties/existence"",""dataset"":""msft"",""record_id"":""1970324842137886"",""update_time"":""2025-01-06T00:00:00.000Z""},{""property"":""/properties/existence"",""dataset"":""msft"",""record_id"":""1125899909362476"",""update_time"":""2025-01-06T00:00:00.000Z""},{""property"":""/properties/existence"",""dataset"":""msft"",""record_id"":""1125899909362424"",""update_time"":""2025-01-06T00:00:00.000Z""}]","{""primary"":""CHI Saint Joseph Health Outpatient Rehabilitation""}","{""primary"":""hospital"",""alternate"":[""physical_therapy"",""abuse_and_addiction_treatment""]}",0.9962614185921548,"[""https://www.chisaintjosephhealth.org/otptspeech?utm_source=LocalSearch&utm_medium=Facility&utm_campaign=CHIStJoseph&utm_term=CHISaintJosephHealth-OutpatientRehabilitationNEagleCreekDr&y_source=1_MTczMjIzMTQtNTU5LWxvY2F0aW9uLndlYnNpdGU%3D""]","[""https://www.facebook.com/102081412255625""]",,"[""+18599675737""]","{""names"":{""primary"":""CHI Saint Joseph Health""}}","[{""freeform"":""160 N Eagle Creek Dr"",""locality"":""Lexington"",""postcode"":""40509-2121"",""region"":""KY"",""country"":""US""}]","[{""dataset"":""Microsoft"",""record_id"":""1125899908997881"",""update_time"":""2020-07-30T11:40:39.49"",""confidence"":0.77}]","{""primary"":""CHI Saint Joseph Health - Saint Joseph East""}","{""primary"":""hospital"",""alternate"":[""health_and_medical""]}",0.77,"[""https://www.chisaintjosephhealth.org/saint-joseph-east-lexington""]",,,"[""8599675000""]","{""names"":{}}","[{""freeform"":""150 N Eagle Creek Dr"",""locality"":""Lexington"",""region"":""KY"",""country"":""US"",""postcode"":""40509""}]"
0.0,1407374888319307,844424934540079,"[{""dataset"":""Microsoft"",""record_id"":""1407374888319307"",""update_time"":""2024-12-13T13:03:31.157"",""confidence"":0.77}]","{""primary"":""Atrium Health Wake Forest Baptist Pediatric Endocrinology - Ardmore Tower""}","{""primary"":""medical_center"",""alternate"":[""health_and_medical""]}",0.77,"[""https://www.wakehealth.edu/locations/clinics/p/pediatric-endocrinology-ardmore-tower""]",,,"[""3367134500""]","{""names"":{}}","[{""freeform"":""1 Medical Center Blvd 7th Floor"",""locality"":""Winston-Salem"",""region"":""NC"",""country"":""US"",""postcode"":""27157""}]","[{""dataset"":""Microsoft"",""record_id"":""844424934540079"",""update_time"":""2024-12-28T20:08:22.87"",""confidence"":0.77}]","{""primary"":""Atrium Health Wake Forest Baptist Internal Medicine - Janeway Tower""}","{""primary"":""medical_center"",""alternate"":[""health_and_medical""]}",0.77,"[""https://www.wakehealth.edu/locations/clinics/i/internal-medicine-janeway-tower?utm_source=GMB&utm_medium=Organic&utm_campaign=AHWFB""]",,,"[""3367162011""]","{""names"":{}}","[{""freeform"":""1 Medical Center Blvd 7th Floor"",""locality"":""Winston-Salem"",""region"":""NC"",""country"":""US"",""postcode"":""27157""}]"
0.0,2251799818855150,2251799818857536,"[{""dataset"":""Microsoft"",""record_id"":""2251799818855150"",""update_time"":""2019-06-17T08:43:00.813"",""confidence"":0.77}]","{""primary"":""Dr. Sankar R""}","{""primary"":""obstetrician_and_gynecologist"",""alternate"":[""doctor"",""hospital"",""health_and_medical""]}",0.77,"[""https://www.askapollo.com/physical-appointment/doctor/chennai/orthopedician/dr-sankar-r?utm_source=bingplaces&utm_medium=bingmaps&utm_campaign=organic""]",,,"[""18605001066""]","{""names"":{}}","[{""freeform"":""Apollo Children Hospital, No. 15, Shafee Mohammed Road, Thousand Lights"",""locality"":""Chennai"",""region"":""Tamil Nadu"",""country"":""IN"",""postcode"":""600006""}]","[{""dataset"":""Microsoft"",""record_id"":""2251799818857536"",""update_time"":""2019-06-17T08:43:00.813"",""confidence"":0.77}]","{""primary"":""Dr. Bhaskar S""}","{""primary"":""doctor"",""alternate"":[""hospital"",""health_and_medical""]}",0.77,"[""""]",,,"[""18605001066""]","{""names"":{}}","[{""freeform"":""Apollo Hospitals Greams Road, No: 21, Greams Lane, Off Greams Road"",""locality"":""Chennai"",""region"":""Tamil Nadu"",""country"":""IN"",""postcode"":""600006""}]"
1.0,1970324839168668,2251799821143406,"[{""dataset"":""Microsoft"",""record_id"":""1970324839168668"",""update_time"":""2021-09-20T03:02:35.137"",""confidence"":0.77}]","{""primary"":""Boost Mobile""}","{""primary"":""electronics"",""alternate"":[""mobile_phone_store"",""retail""]}",0.77,"[""https://www.boostmobile.com/locations/bd/boost-mobile-ca-san-bernardino-501-n-mt-vernon-92411/""]",,,"[""9093841080""]","{""names"":{}}","[{""freeform"":""501 N Mt Vernon Ave"",""locality"":""San Bernardino"",""region"":""CA"",""country"":""US"",""postcode"":""92411""}]","[{""dataset"":""Microsoft"",""record_id"":""2251799821143406"",""update_time"":""2024-12-31T04:18:09.817"",""confidence"":0.77}]","{""primary"":""Boost Mobile""}","{""primary"":""electronics"",""alternate"":[""mobile_phone_store"",""retail""]}",0.77,"[""https://www.boostmobile.com/locations/bd/boost-mobile-ca-san-bernardino-501-n-mt-vernon-92411/?utm_source=bing&utm_medium=lastmile&utm_campaign=0015e00000jB8xCAAS""]",,,"[""9093841080""]","{""names"":{}}","[{""freeform"":""501 N Mt Vernon Ave"",""locality"":""San Bernardino"",""region"":""CA"",""country"":""US"",""postcode"":""92411""}]"
1.0,08f2f5a300b04c580376f699579ff69c,562949964687863,"[{""property"":"""",""dataset"":""meta"",""record_id"":""563278624023858"",""update_time"":""2025-01-06T00:00:00.000Z""},{""property"":""/properties/existence"",""dataset"":""msft"",""record_id"":""562949964687863"",""update_time"":""2025-01-06T00:00:00.000Z""}]","{""primary"":""The North Face""}","{""primary"":""outdoor_gear"",""alternate"":[""sporting_goods""]}",0.9877528662420382,"[""https://www.goldwin.co.jp/tnf/shoplist/?id=0216""]","[""https://www.facebook.com/563278624023858""]",,"[""+81343765222""]","{""names"":{""primary"":""The North Face""}}","[{""freeform"":""東京都足立区千住３丁目９２"",""locality"":""足立区"",""postcode"":""120-0034"",""country"":""JP""}]","[{""dataset"":""Microsoft"",""record_id"":""562949964687863"",""update_time"":""2024-10-28T09:16:54.707"",""confidence"":0.77}]","{""primary"":""THE NORTH FACE (ザ・ノース・フェイス) 北千住マルイ""}","{""primary"":""sports_wear"",""alternate"":[""retail""]}",0.77,"[""https://www.goldwin.co.jp/tnf/shoplist/""]",,,"[""0343765222""]","{""names"":{}}","[{""freeform"":""千住3-92, 北千住マルイ 5F"",""locality"":""足立区"",""region"":""東京都"",""country"":""JP"",""postcode"":""〒120-8501""}]"
1.0,1688849864825791,281474976961138,"[{""dataset"":""Microsoft"",""record_id"":""1688849864825791"",""update_time"":""2022-10-24T17:09:35.817"",""confidence"":0.77}]","{""primary"":""Wesley Willows""}","{""primary"":""political_organization"",""alternate"":[""assisted_living_facility"",""government_services"",""organization"",""health_and_medical""]}",0.77,"[""https://wesleywillows.org/""]",,,"[""8153161500""]","{""names"":{}}","[{""freeform"":""4141 N Rockton Ave"",""locality"":""Rockford"",""region"":""IL"",""country"":""US"",""postcode"":""61103""}]","[{""dataset"":""Microsoft"",""record_id"":""281474976961138"",""update_time"":""2011-03-15T05:50:31.527"",""confidence"":0.77}]","{""primary"":""Wesley Willows""}","{""primary"":""political_organization"",""alternate"":[""assisted_living_facility"",""government_services"",""organization"",""health_and_medical""]}",0.77,"[""http://wesleywillows.org/""]",,,"[""8153161500""]","{""names"":{}}","[{""freeform"":""4141 N Rockton Ave"",""locality"":""Rockford"",""region"":""IL"",""country"":""US"",""postcode"":""61103""}]"
1.0,08f2653361cad89403d88329e407645b,1125899912852952,"[{""property"":"""",""dataset"":""meta"",""record_id"":""178071805546441"",""update_time"":""2025-01-06T00:00:00.000Z""},{""property"":""/properties/existence"",""dataset"":""msft"",""record_id"":""1125899912852952"",""update_time"":""2025-01-06T00:00:00.000Z""}]","{""primary"":""Worsham Law Firm""}","{""primary"":""wills_trusts_and_probate"",""alternate"":[""lawyer"",""criminal_defense_law""]}",0.9858576051779935,"[""https://www.WillWorshamlaw.com/""]","[""https://www.facebook.com/178071805546441""]",,"[""+14175800291""]",,"[{""freeform"":""203 Jamestown Blvd"",""locality"":""Rogersville"",""postcode"":""65742-6526"",""region"":""MO"",""country"":""US""}]","[{""dataset"":""Microsoft"",""record_id"":""1125899912852952"",""update_time"":""2024-11-19T09:06:46.31"",""confidence"":0.77}]","{""primary"":""Worsham Law Firm""}","{""primary"":""estate_planning_law""}",0.77,"[""https://www.logroglaw.com/""]",,,"[""4178639455""]","{""names"":{}}","[{""freeform"":""203 Jamestown Blvd Unit C"",""locality"":""Rogersville"",""region"":""MO"",""country"":""US"",""postcode"":""65742""}]"
1.0,1125899912161315,1125899912252404,"[{""dataset"":""Microsoft"",""record_id"":""1125899912161315"",""update_time"":""2023-04-27T17:52:41.803"",""confidence"":0.77}]","{""primary"":""Tilleman Motor CO.""}","{""primary"":""tire_shop"",""alternate"":[""used_car_dealer"",""automotive"",""retail""]}",0.77,"[""http://www.tillemanmotor.com/""]",,,"[""4064146076""]","{""names"":{}}","[{""freeform"":""4514 U S 2"",""locality"":""Havre"",""region"":""MT"",""country"":""US"",""postcode"":""59501""}]","[{""dataset"":""Microsoft"",""record_id"":""1125899912252404"",""update_time"":""2024-04-23T05:26:45.203"",""confidence"":0.77}]","{""primary"":""Tilleman Motor Co. CDJR""}","{""primary"":""automotive""}",0.77,"[""https://www.tillemanmotor.net/""]",,,"[""4062655428""]","{""names"":{}}","[{""freeform"":""4500 U S 2"",""locality"":""Havre"",""region"":""MT"",""country"":""US"",""postcode"":""59501""}]"
0.0,08f2aa84d336028503e2f42fd580fb01,1407374885415681,"[{""property"":"""",""dataset"":""meta"",""record_id"":""242771389116960"",""update_time"":""2025-01-06T00:00:00.000Z""}]","{""primary"":""Tysons Corner Dentists""}","{""primary"":""dentist"",""alternate"":[""doctor"",""health_and_medical""]}",0.9837452982267598,"[""http://tysonscornerdentists.com/""]","[""https://www.facebook.com/242771389116960""]",,"[""+17038488889""]",,"[{""freeform"":""8296 Old Courthouse Rd"",""locality"":""Vienna"",""postcode"":""22182-3852"",""region"":""VA"",""country"":""US""}]","[{""dataset"":""Microsoft"",""record_id"":""1407374885415681"",""update_time"":""2024-12-16T15:32:03.257"",""confidence"":0.77}]","{""primary"":""Tysons Corner Diagnostic Imaging""}","{""primary"":""diagnostic_imaging"",""alternate"":[""doctor"",""health_and_medical""]}",0.77,"[""https://www.tysonscornerimaging.com/tysons-corner/""]",,,"[""7033564900""]","{""names"":{}}","[{""freeform"":""8320 Old Courthouse Rd 130"",""locality"":""Vienna"",""region"":""VA"",""country"":""US"",""postcode"":""22182""}]"
0.0,08f186930e85a2cc0324b6f63905b2b0,08f186930ebad64a03bc48df7206deed,"[{""property"":"""",""dataset"":""meta"",""record_id"":""100310725252356"",""update_time"":""2025-01-06T00:00:00.000Z""}]","{""primary"":""L'atelier des langues""}","{""primary"":""education"",""alternate"":[""school"",""language_school""]}",0.3941504178272981,"[""http://www.atelierdeslangues.fr/""]","[""https://www.facebook.com/100310725252356""]",,"[""+33755630052""]",,"[{""freeform"":""4 rue des Cloutiers"",""locality"":""Brive-la-Gaillarde"",""postcode"":""19100"",""country"":""FR""}]","[{""property"":"""",""dataset"":""meta"",""record_id"":""100961108557889"",""update_time"":""2025-01-06T00:00:00.000Z""}]","{""primary"":""L'Atelier de Nico""}","{""primary"":""cafe"",""alternate"":[""tea_room"",""shopping""]}",0.9837452982267598,"[""https://latelierdenico-brive.com/""]","[""https://www.facebook.com/100961108557889""]",,"[""+33686422761""]",,"[{""freeform"":""L' Atelier de Nico La Halle, Pl. Maréchal de Lattre de Tassigny"",""postcode"":""19100"",""country"":""FR""}]"
1.0,08f2a33c36135b0d03152e4dc4795340,562949966665885,"[{""property"":"""",""dataset"":""meta"",""record_id"":""116755404861606"",""update_time"":""2025-01-06T00:00:00.000Z""},{""property"":""/properties/existence"",""dataset"":""msft"",""record_id"":""562949966665885"",""update_time"":""2025-01-06T00:00:00.000Z""}]","{""primary"":""LibertyX Bitcoin ATM""}","{""primary"":""atms""}",0.9877528662420382,"[""https://libertyx.com/a/buy-bitcoin/locations/MA/shrewsbury/720-boston-turnpike?y_source=1_NjcwNzI2ODQtNTU5LWxvY2F0aW9uLndlYnNpdGU%3D""]","[""https://www.facebook.com/116755404861606""]",,"[""+18005118940""]","{""names"":{""primary"":""LibertyX Bitcoin ATM""}}","[{""freeform"":""720 Boston Tpke"",""locality"":""Shrewsbury"",""postcode"":""01545-4166"",""region"":""MA"",""country"":""US""}]","[{""dataset"":""Microsoft"",""record_id"":""562949966665885"",""update_time"":""2024-12-02T13:51:05.323"",""confidence"":0.77}]","{""primary"":""LibertyX Bitcoin ATM""}","{""primary"":""atms""}",0.77,"[""https://libertyx.com/a/buy-bitcoin/locations/MA/shrewsbury/720-boston-turnpike?y_source=1_NjcwNzI2ODQtNDgzLWxvY2F0aW9uLndlYnNpdGU%3D""]",,,"[""8005118940""]","{""names"":{}}","[{""freeform"":""720 Boston Turnpike"",""locality"":""Shrewsbury"",""region"":""MA"",""country"":""US"",""postcode"":""01545""}]"
1.0,08f195b4442d02b0035773b93cc426d5,562949965959385,"[{""property"":"""",""dataset"":""meta"",""record_id"":""164910460278660"",""update_time"":""2025-01-06T00:00:00.000Z""},{""property"":""/properties/existence"",""dataset"":""msft"",""record_id"":""844424933845982"",""update_time"":""2025-01-06T00:00:00.000Z""},{""property"":""/properties/existence"",""dataset"":""msft"",""record_id"":""562949965959385"",""update_time"":""2025-01-06T00:00:00.000Z""},{""property"":""/properties/existence"",""dataset"":""msft"",""record_id"":""281474978444762"",""update_time"":""2025-01-06T00:00:00.000Z""},{""property"":""/properties/existence"",""dataset"":""msft"",""record_id"":""1407374890666007"",""update_time"":""2025-01-06T00:00:00.000Z""},{""property"":""/properties/existence"",""dataset"":""msft"",""record_id"":""1407374886566592"",""update_time"":""2025-01-06T00:00:00.000Z""}]","{""primary"":""Ship Inn""}","{""primary"":""restaurant"",""alternate"":[""pub"",""hotel""]}",0.9962614185921548,"[""https://www.greeneking.co.uk/pubs/devon/ship?utm_source=facebook&utm_medium=locations&utm_campaign=HT_pubpage""]","[""https://www.facebook.com/164910460278660""]",,"[""+441392272040""]",,"[{""freeform"":""11 Martins Lane"",""locality"":""Exeter"",""postcode"":""EX1 1EY"",""region"":""ENG"",""country"":""GB""}]","[{""dataset"":""Microsoft"",""record_id"":""562949965959385"",""update_time"":""2024-11-25T14:10:01.61"",""confidence"":0.77}]","{""primary"":""Ship Inn""}","{""primary"":""pub"",""alternate"":[""bar"",""british_restaurant"",""restaurant""]}",0.77,"[""https://www.greeneking.co.uk/pubs/devon/ship?utm_source=bing&utm_medium=locations&utm_campaign=HT_pubpage""]",,,"[""01392272040""]","{""names"":{}}","[{""freeform"":""1-3 Martins Ln"",""locality"":""Exeter"",""region"":"""",""country"":""GB"",""postcode"":""EX1 1EY""}]"
1.0,08f2668b304b439b035e27fbc3dd15b8,2251799820782316,"[{""property"":"""",""dataset"":""meta"",""record_id"":""442477415877769"",""update_time"":""2025-01-06T00:00:00.000Z""},{""property"":""/properties/existence"",""dataset"":""msft"",""record_id"":""2251799820782316"",""update_time"":""2025-01-06T00:00:00.000Z""},{""property"":""/properties/existence"",""dataset"":""msft"",""record_id"":""1125899911930660"",""update_time"":""2025-01-06T00:00:00.000Z""}]","{""primary"":""State Beauty Supply""}","{""primary"":""beauty_salon"",""alternate"":[""beauty_and_spa"",""cosmetic_and_beauty_supplies""]}",0.997898979043525,"[""http://statebeautysupplyoflouisville.com/""]","[""https://www.facebook.com/442477415877769""]",,"[""+15024510595""]",,"[{""freeform"":""1226 Gardiner Ln"",""locality"":""Louisville"",""postcode"":""40213-1834"",""region"":""KY"",""country"":""US""}]","[{""dataset"":""Microsoft"",""record_id"":""2251799820782316"",""update_time"":""2023-01-18T08:36:43.093"",""confidence"":0.77}]","{""primary"":""State Beauty Supply of Louisville""}","{""primary"":""beauty_product_supplier"",""alternate"":[""business_equipment_and_supply"",""business_to_business"",""retail""]}",0.77,"[""http://www.statebeautysupplyoflouisville.com/""]",,,"[""5024510595""]","{""names"":{}}","[{""freeform"":""1226 Gardiner Ln"",""locality"":""Louisville"",""region"":""KY"",""country"":""US"",""postcode"":""40213""}]"
